{"chromosome_0/total_parameters": 64010, "chromosome_0/num_layers": 3, "_timestamp": 1738624154.82836, "_runtime": 53.225358963012695, "_step": 29, "chromosome_0/train/batch_loss": 0.32875940203666687, "chromosome_0/train/batch_accuracy": 90.07006104328524, "epoch": 0, "batch": 400, "chromosome_0/train/epoch_loss": 0.33270937713510446, "chromosome_0/test/epoch_loss": 0.31051571291106145, "chromosome_0/test/accuracy": 90.78, "best_fitness": 90.78, "best_generation": 0, "best_chromosome": 0, "best_architecture": {"_type": "html-file", "sha256": "fc93ecec14a640806d9922461738226b3f16c7eac87774c4ae30a29c58c7defa", "size": 363, "path": "media/html/best_architecture_23_fc93ecec14a640806d99.html"}, "chromosome_1/total_parameters": 211978, "chromosome_1/num_layers": 8, "chromosome_1/train/batch_loss": 0.35831233859062195, "chromosome_1/train/batch_accuracy": 87.62079177057356}