{"initialization": "success", "_timestamp": 1738618297.6267724, "_runtime": 11.423097372055054, "_step": 9, "_wandb": {"runtime": 9}}