{"initialization": "success", "_timestamp": 1738619220.1278303, "_runtime": 10.98439335823059, "_step": 9, "_wandb": {"runtime": 9}}