{"architecture_gen0_chrom0": {"_type": "html-file", "sha256": "aaf60c853e856e97688dfc68aeea470d1b0435a76a833a18467e4d4016b7cc24", "size": 426, "path": "media/html/architecture_gen0_chrom0_0_aaf60c853e856e97688d.html"}, "_timestamp": 1738618402.5987363, "_runtime": 92.12479639053345, "_step": 23, "total_parameters": 23335114, "train/batch_loss": 0.04744566231966019, "train/batch_accuracy": 97.58254716981132, "train/batch": 900, "epoch": 1, "train/epoch_loss": 0.08229505704546562, "test/epoch_loss": 0.07223532872128442, "test/epoch_accuracy": 97.9, "_wandb": {"runtime": 90}}