{"chromosome_0/total_parameters": 1987082, "chromosome_0/num_layers": 7, "_timestamp": 1738624047.6637228, "_runtime": 15.36638879776001, "_step": 260, "chromosome_0/train/batch_loss": 1.4282505512237549, "chromosome_0/train/batch_accuracy": 60.9375, "epoch": 1, "batch": 0, "chromosome_0/train/epoch_loss": 1.4282505512237549, "chromosome_0/test/epoch_loss": 1.3664605617523193, "chromosome_0/test/accuracy": 57.8125, "best_fitness": 60.9375, "best_generation": 4, "best_chromosome": 4, "best_architecture": {"_type": "html-file", "sha256": "16c64e816477127ab49a7efa15af6cb731c5d8ff60e1e4f13f39d3611a5ed152", "size": 629, "path": "media/html/best_architecture_233_16c64e816477127ab49a.html"}, "chromosome_1/total_parameters": 254154, "chromosome_1/num_layers": 4, "chromosome_1/train/batch_loss": 1.3968061208724976, "chromosome_1/train/batch_accuracy": 62.5, "chromosome_1/train/epoch_loss": 1.3968061208724976, "chromosome_1/test/epoch_loss": 1.4852378368377686, "chromosome_1/test/accuracy": 56.25, "chromosome_2/total_parameters": 7850, "chromosome_2/num_layers": 3, "chromosome_2/train/batch_loss": 2.491753101348877, "chromosome_2/train/batch_accuracy": 7.8125, "chromosome_2/train/epoch_loss": 2.491753101348877, "chromosome_2/test/epoch_loss": 2.1633174419403076, "chromosome_2/test/accuracy": 20.3125, "chromosome_3/total_parameters": 814090, "chromosome_3/num_layers": 5, "chromosome_3/train/batch_loss": 1.582068681716919, "chromosome_3/train/batch_accuracy": 46.875, "chromosome_3/train/epoch_loss": 1.582068681716919, "chromosome_3/test/epoch_loss": 1.4729083776474, "chromosome_3/test/accuracy": 53.125, "chromosome_4/total_parameters": 1987082, "chromosome_4/num_layers": 7, "chromosome_4/train/batch_loss": 1.434401512145996, "chromosome_4/train/batch_accuracy": 64.0625, "chromosome_4/train/epoch_loss": 1.434401512145996, "chromosome_4/test/epoch_loss": 1.3617174625396729, "chromosome_4/test/accuracy": 60.9375, "chromosome_5/total_parameters": 814200, "chromosome_5/num_layers": 6, "chromosome_5/train/batch_loss": 2.422722101211548, "chromosome_5/train/batch_accuracy": 20.3125, "chromosome_5/train/epoch_loss": 2.422722101211548, "chromosome_5/test/epoch_loss": 2.083336353302002, "chromosome_5/test/accuracy": 29.6875, "chromosome_6/total_parameters": 7960, "chromosome_6/num_layers": 5, "chromosome_6/train/batch_loss": 2.276427745819092, "chromosome_6/train/batch_accuracy": 14.0625, "chromosome_6/train/epoch_loss": 2.276427745819092, "chromosome_6/test/epoch_loss": 2.20181941986084, "chromosome_6/test/accuracy": 17.1875, "chromosome_7/total_parameters": 185272, "chromosome_7/num_layers": 3, "chromosome_7/train/batch_loss": 1.8739840984344482, "chromosome_7/train/batch_accuracy": 53.125, "chromosome_7/train/epoch_loss": 1.8739840984344482, "chromosome_7/test/epoch_loss": 1.7091617584228516, "chromosome_7/test/accuracy": 40.625, "chromosome_8/total_parameters": 8070, "chromosome_8/num_layers": 6, "chromosome_8/train/batch_loss": 2.343663454055786, "chromosome_8/train/batch_accuracy": 14.0625, "chromosome_8/train/epoch_loss": 2.343663454055786, "chromosome_8/test/epoch_loss": 2.2610957622528076, "chromosome_8/test/accuracy": 18.75, "chromosome_9/total_parameters": 127050, "chromosome_9/num_layers": 6, "chromosome_9/train/batch_loss": 2.0263922214508057, "chromosome_9/train/batch_accuracy": 40.625, "chromosome_9/train/epoch_loss": 2.0263922214508057, "chromosome_9/test/epoch_loss": 1.9766817092895508, "chromosome_9/test/accuracy": 45.3125, "generation": 4, "mean_fitness": 40.0, "max_fitness": 60.9375, "min_fitness": 17.1875, "fitness_std": 16.390617552429195, "final_best_fitness": 60.9375, "final_architecture": {"_type": "html-file", "sha256": "16c64e816477127ab49a7efa15af6cb731c5d8ff60e1e4f13f39d3611a5ed152", "size": 629, "path": "media/html/final_architecture_260_16c64e816477127ab49a.html"}, "_wandb": {"runtime": 13}}